Name,Details
MTR Rava Idli Instant Mix,"Description : MTR Rava Idli instant mix is a blend of the finest ingredients like curry leaves, chilli, ginger, cashewnut etc. for a healthy and wholesome breakfast. A delicious, traditional breakfast, ready in an instant. Bring home this signature dish with an authentic South Indian taste to be relished within minutes."
MTR Rava Idli Instant Mix,Country of Origin : India
MTR Rava Idli Instant Mix,Shelf Life : 12 months
MTR Rava Idli Instant Mix,"Ingredients : Semolina (84%), Edible Vegetable Fat, Bengal Gram Dal, Cashew Nut, Salt, Curry Leaves, Raising Agent (INS 500 ii), Mustard, Green Chilli, Ginger and Anti Caking Agent (INS 551)"
MTR Rava Idli Instant Mix,Manufacturer Name : MTR Foods Pvt. Ltd
MTR Rava Idli Instant Mix,"Manufacturer Address : MTR Foods Pvt. Ltd, # 80 Bommasandra Industrial Area, Hebbagodi, Anekal Taluk Bengaluru 560099."
Sunfeast Pasta Treat Pack of Tomato Cheese,"Description : On the look-out for a snack that offers the best of both worlds. Well, then your search ends here. As Sunfeast YiPPee! Instant Pasta Treat Tomato Cheese is both wholesome and delicious at the same time! A classic combination of cheesy and tangy flavours makes it a delectable and delicious snack. This delightful snack never goes out of style and has been loved by all ages for decades!"
Sunfeast Pasta Treat Pack of Tomato Cheese,Country of Origin : India
Sunfeast Pasta Treat Pack of Tomato Cheese,Shelf Life : 12 months
Sunfeast Pasta Treat Pack of Tomato Cheese,FSSAI License : 10012031000312
Sunfeast Pasta Treat Pack of Tomato Cheese,"Ingredients : PASTA: Wheat Semolina (Suji) (100%).Tomato Cheese Pasta Sauce Maker: Milk Solids, Dairy Whitener {Milk Solids, Refined Sugar And Emulsifiers [INS 339(ii), INS 339(iii)]}, Wheat Flour (Atta), Iodized Salt, Hydrogenated Vegetable Oil, Dehydrated Onion Bits, Tomato Powder (6.5%), Corn Flour, Dehydrated Tomato Bits (3.3%), Cheese Premix Powder (2.7%) {Cheese Solids (1.3%), Maltodextrin, Milk Solids, Iodized Salt, Refined Soyabean Oil, Acidity Regulator (INS 330), Emulsifier [INS 331(iii)], Anticaking Agent (INS 551) And Nature Identical Flavouring Substances}, #Spices & Condiments, Dairy Creamer [Anticaking Agent (INS 551)], Thickener (INS 1450) And Flavour Enhancers (INS 627, INS 631)."
Sunfeast Pasta Treat Pack of Tomato Cheese,Manufacturer Name : ITC
Sunfeast Pasta Treat Pack of Tomato Cheese,Nutritional Info : Energy (kcal) - 366Carbohydrate (g) - 73.0Total Sugars (g) - 7.2Added Sugars (g) - 0.6Total fat (g) - 3.6Trans fat (g) - 0.05Saturated fat (g) - 1.9Cholesterol (mg) - 2.0Sodium (mg) - 1120.0Protein (g) - 12.0
Lijjat Papad - Punjabi Masala,"Description : Lijjat Special Punjabi Masala Papad 1 kg Experience the crunchy goodness of Lijjat Special Punjabi Masala Papad. It goes well with a meal, beverages or you can have it as a standalone snack too."
Lijjat Papad - Punjabi Masala,Country of Origin : India
Lijjat Papad - Punjabi Masala,Shelf Life : 90 days
Lijjat Papad - Punjabi Masala,Manufacturer Name : Shri Mahila Griha Udyog
Lijjat Papad - Punjabi Masala,"Manufacturer Address : Shri Mahila Griha Udyog, Krishna Complex B-11 Tp B-15, Agra Road, Thane, Bhiwandi, 421302- Maharashtra."
"Pedigree Puppy, Chicken And Milk Flavour, Dry Dog Food",Shelf Life : 12 months
"Pedigree Puppy, Chicken And Milk Flavour, Dry Dog Food",Manufacturer Name : Mars INT (Pet Food)
Top Ramen Curry Veg Flat Noodles,Description : Top Ramen Curry Saucy Flat Instant Noodles 70 g Nissin brings you another delicious instant food product - Top Ramen Curry Saucy Flat Instant Noodles! It is 100% desi and 100% saucy. Top Ramen has brought the best of Indian flavours through these curry-flavoured flat noodles.
Top Ramen Curry Veg Flat Noodles,Country of Origin : India
Top Ramen Curry Veg Flat Noodles,Shelf Life : 10 months
Top Ramen Curry Veg Flat Noodles,FSSAI License : 10012011000894
Top Ramen Curry Veg Flat Noodles,Manufacturer Name : Indo Nissin Foods Ltd
Top Ramen Curry Veg Flat Noodles,"Manufacturer Address : Indo Nissin Foods Private Limited3Rd Floor, Centenary Building, 28, M. G. Road, Bengaluru � 560 001, Karnataka, India."
Nestle Ceralac Baby Cereal With Milk - Rice,"Description : Nestle CERELAC Baby Cereal with Milk & Rice is a complementary food for babies from 6 to 24 months. While infants and children have higher requirements of nutrients than adults, 2 serves of CERELAC Rice Cereal provides 37% of a baby’s daily need of iron. It is also a source of 14 important nutrients including vitamins and minerals."
Nestle Ceralac Baby Cereal With Milk - Rice,Country of Origin : India
Nestle Ceralac Baby Cereal With Milk - Rice,Shelf Life : 12 months
Nestle Ceralac Baby Cereal With Milk - Rice,FSSAI License : FSSAI No 10012011000168
Nestle Ceralac Baby Cereal With Milk - Rice,"Ingredients : Rice flour (48.6%), Milk solids (38.1%), Sugar, soyabean oil, Acidity regulator (Dibasic potassium phosphate), Minerals, Vitamins, Enzyme (Aloha amylase) and Packaging gases (Nitrogen and Carbon dioxide)."
Nestle Ceralac Baby Cereal With Milk - Rice,Manufacturer Name : NESTLE INDIA LIMITED
Nestle Ceralac Baby Cereal With Milk - Rice,"Manufacturer Address : Nestle India Limited 100/101, World Trade Centre, Barakhamba Lane, New Delhi."
Godrej Yummiez Chicken Nuggets,"Description : Yummiez Chicken nuggets are lightly breaded and fully fried. Our tender, juicy, Chicken Nuggets are made with fresh meat. Chicken Nuggets are made from easy ingredients and are free of chemical preservatives and fillers."
Godrej Yummiez Chicken Nuggets,Country of Origin : India
Godrej Yummiez Chicken Nuggets,Shelf Life : 12 months
Godrej Yummiez Chicken Nuggets,"Ingredients : Chicken Meat (52%), Water, Breadcrumbs (Wheat Flour, Yeast, Salt, Permitted Bread Improvers, Preservative (Ins 282) And Acidity Regulator (Ins260)), Edible Vegetable Oil (Rbd Palmolein), Batter (Wheat Flour, Corn Flour, Corn Starch, Salt And Emulsifier (Ins 466)), Soy, Isolated Soy Protein, Iodized Salt, Spices & Condiments And Texturizer (Ins 4510). Contains Permitted Class Ii Preservative. Allergy Advice: Contains Soy Protein And Gluten."
Godrej Yummiez Chicken Nuggets,Manufacturer Name : Godrej Tyson Foods Ltd
Godrej Yummiez Chicken Nuggets,"Manufacturer Address : Godrej Tyson Foods Ltd, No. 77/1, 83/2, 84/1, Jangamanekote Road, Doddahullur Village, Hoskote Taluk, Bangalore Rural Distict, -562114."
Godrej Yummiez Chicken Nuggets,"Nutritional Info : Nutritional Information Per 100 g:Energy (187.8kcal),Protein (11.9g),Carbohydrate(3.13g),Sugar <0.1g,Fat 12.36g"
McCain Chilli Garlic Potato Bites Crunchy Potato Nuggets,Description : McCain Crunchy Potato Nuggets - Chilli Garlic Potato Bites 700 g
McCain Chilli Garlic Potato Bites Crunchy Potato Nuggets,Country of Origin : India
McCain Chilli Garlic Potato Bites Crunchy Potato Nuggets,Shelf Life : 18 months
McCain Chilli Garlic Potato Bites Crunchy Potato Nuggets,FSSAI License : 10013011001570
McCain Chilli Garlic Potato Bites Crunchy Potato Nuggets,Manufacturer Name : McCain Foods India PVT LTD
McCain Chilli Garlic Potato Bites Crunchy Potato Nuggets,"Manufacturer Address : McCain Foods India PVT LTD, SH - 41, P.O.Baliasan, Mehsana - 382732, Gujarat, India."
Weikfield Cooker Cake Mix Chocolate Flavoured Carton,"Description : Make a decadent chocolate cake at home anytime, in just a few minutes with the Weikfield Cooker Cake Mix. One carton is enough to serve 6. Contains quality ingredients that enhance taste, so you can enjoy a delicious chocolate cake. Use the cake mix to prepare a wide range of our popular recipes on www.weikfield.com/recipes. Also available in Vanilla flavour."
Weikfield Cooker Cake Mix Chocolate Flavoured Carton,Country of Origin : India
Weikfield Cooker Cake Mix Chocolate Flavoured Carton,Shelf Life : 9 months
Weikfield Cooker Cake Mix Chocolate Flavoured Carton,FSSAI License : 10012062000166
Weikfield Cooker Cake Mix Chocolate Flavoured Carton,"Ingredients : Refined Wheat Flour, Cocoa, Corn Starch, Dextrose"
Weikfield Cooker Cake Mix Chocolate Flavoured Carton,Manufacturer Name : Weikfield Foods Pvt. Ltd
Weikfield Cooker Cake Mix Chocolate Flavoured Carton,"Manufacturer Address : Weikfield Foods Pvt. Ltd, Weikfied Estate Gat No. 485, Lonikand, Nagar Road, Taluka- Haveli, Dist. Pune 412216, India."
Ching's Secret Veg Hakka Noodles,Description : The Art Of Making Noodles Revived! Chings has mastered the ancient Chinese art of making Hakka Noodles in a hygienic way with advanced technology. Each noodle strand maintains its form without getting mushy and retains more flavours on its surface. Make mouth-watering Desi Chinese Chowmein at home with Chings Secret Hakka Noodles stir-fried with lots of crunchy vegetables.
Ching's Secret Veg Hakka Noodles,Country of Origin : India
Ching's Secret Veg Hakka Noodles,Shelf Life : 18 months
Ching's Secret Veg Hakka Noodles,FSSAI License : 10013022001865
Ching's Secret Veg Hakka Noodles,Manufacturer Name : Capital Foods Pvt. Ltd.
Ching's Secret Veg Hakka Noodles,"Manufacturer Address : VILLA CAPITAL, Sadhana Compound, Oshiwara Bridge,
S.V Road, Jogeshwari (West),
Mumbai- 400 102. India"
"Whiskas Adult (+1 year) Dry Cat Food Food, Chicken Flavour","Description : Whiskas Adult Cat Food is the nutrition that your cat needs for a healthy and active lifestyle. Whiskas cat food is a complete and balanced meal designed to take care of your cat�s daily nutritional requirements and provide it with all the vitamins and minerals needed for a healthy and happy life.This dry cat food helps support the cat's vital system by providing it a healthy and shiny coat, healthy eyesight, and energy to be lively and active."
"Whiskas Adult (+1 year) Dry Cat Food Food, Chicken Flavour",Country of Origin : Thailand
"Whiskas Adult (+1 year) Dry Cat Food Food, Chicken Flavour",Shelf Life : 18 months
"Whiskas Adult (+1 year) Dry Cat Food Food, Chicken Flavour",Manufacturer Name : Mars INT (Pet Food)
MTR Vada Breakfast Mix,"Description : MTR Rice Instant Vada Mix is a delicious, traditional breakfast for you and your family which is ready in an instant! Serve idlis made using this mix hot with Sambar, coconut chutney or potato curry."
MTR Vada Breakfast Mix,Country of Origin : India
MTR Vada Breakfast Mix,Shelf Life : 12 months
MTR Vada Breakfast Mix,Manufacturer Name : MTR Foods Pvt. Ltd
MTR Vada Breakfast Mix,"Manufacturer Address : MTR Foods Pvt. Ltd, # 80 Bommasandra Industrial Area, Hebbagodi, Anekal Taluk Bengaluru 560099."
Sunfeast Yippee! Pasta Treat - Sour Cream Onion,"Description : In search of the perfect treat that will turn your day around. Look no more! Sunfeast YiPPee! Instant Pasta Treat Sour Cream & Onion is exactly what you need! A classic and delightful pasta snack that will leave you craving for more with each bite. Get ready to experience an Italian delicacy in a new, hot, and creamy avatar! Made with the choicest ingredients."
Sunfeast Yippee! Pasta Treat - Sour Cream Onion,Country of Origin : India
Sunfeast Yippee! Pasta Treat - Sour Cream Onion,Shelf Life : 12 months
Sunfeast Yippee! Pasta Treat - Sour Cream Onion,FSSAI License : 10012031000312
Sunfeast Yippee! Pasta Treat - Sour Cream Onion,"Ingredients : Milk Solids, Wheat Flour (3.0%), Iodised Salt, Whey Powder, Hydrogenated Vegetable Oil, Cornflour, Onion Powder (0.7%), Dairy Creamer (0.7%), Dehydrated Onion Bits (0.7%), Garlic Powder, Sugar, Yeast Extract Powder, White Pepper Powder, Acidity Regulator (Ins 330), Dehydrated Onion Leeks (0.1%), Thickener (Ins 1450) And Flavour Enhancers (Ins 627, Ins 631)."
Sunfeast Yippee! Pasta Treat - Sour Cream Onion,Manufacturer Name : ITC
Sunfeast Yippee! Pasta Treat - Sour Cream Onion,"Nutritional Info : Energy (Kcal) - 353,Carbohydrate (g) - 72.0,Total Sugar (g) - 7.6,Added Sugar (g) - 0.6,Total Fat (g) - 3.0,Trans Fat (other than naturally occurring trans-fat) (g) - 0.02,Saturated Fat (g) - 1.6,Cholesterol (mg) - 2.0Sodium (mg) - 1245.0,Protein (g) - 11.0"
Nestle Cerelac with Milk Wheat Apple Carrot Baby Cereal,"Description : Nestle CERELAC Baby Cereal with Milk, Wheat Apple Carrot is a complementary food for babies from 6 to 24 months. While infants and children have higher requirements of nutrients than adults, 2 serves of CERELAC Wheat Apple Carrot Cereal provides 37% of a baby’s daily need of iron. It is also a source of 14 important nutrients including vitamins and minerals."
Nestle Cerelac with Milk Wheat Apple Carrot Baby Cereal,Country of Origin : India
Nestle Cerelac with Milk Wheat Apple Carrot Baby Cereal,Shelf Life : 12 months
Nestle Cerelac with Milk Wheat Apple Carrot Baby Cereal,"Ingredients : Wheat flour (Atta) (53.3%), Milk solids (34.8%), Sugar, Apple juice concentrate (4.2%), Soyabean oil, Carrot juice concentrate (1.1%), Minerals, Vitamins, Enzyme (Alpha amylase) and Packaging gases (Nitrogen and Carbon dioxide). Contains Wheat and Milk. May contains Barley and Oats."
Nestle Cerelac with Milk Wheat Apple Carrot Baby Cereal,Manufacturer Name : Nestle India Limited
Nestle Cerelac with Milk Wheat Apple Carrot Baby Cereal,"Manufacturer Address : Nestle India Limited, 100/101, World Trade Centre, Barakhamba Lane, New Delhi"
Nestle Cerelac with Milk Wheat Apple Carrot Baby Cereal,"Nutritional Info : Composition per 100g
Energy - 412 kcal
Protein- 15g
Carbohydrate - 68.1g
Total Sugars- 23.5g
Total Fat- 9.4g
Cholesterol - 12mg"
ITC Master Chef Chicken Seekh Kabab,Description : ITC Master Chef Chicken Seekh Kabab are juicy chicken mixed with our secret mixture of spices and herbs to create mouth watering chicken seekh kebabs for zingy Indian deliciousness.
ITC Master Chef Chicken Seekh Kabab,Country of Origin : India
ITC Master Chef Chicken Seekh Kabab,Shelf Life : 12 months
ITC Master Chef Chicken Seekh Kabab,Manufacturer Name : ITC Limited
ITC Master Chef Chicken Seekh Kabab,"Manufacturer Address : ITC Limited, 37, J.L. Nehru Road, Kolkata- 700071."
Betty Crocker Choco Fudge Instant Cake Mix Powder,Description : Betty Crocker Chocolate Fudge Cake is a delicious cake which is easier to make them at home.
Betty Crocker Choco Fudge Instant Cake Mix Powder,Country of Origin : India
Betty Crocker Choco Fudge Instant Cake Mix Powder,Shelf Life : 10 months
Betty Crocker Choco Fudge Instant Cake Mix Powder,"Ingredients : Sugar, Refined Wheat Flour (Maida), Cocoa Solids (4.7%), Edible Vegetable Oil (Palm), Corn Starch, Dextrose, Raising Agents (Ins500(Ii), Ins341(I)), Modified Starch (Ins1442), Iodized Salt, Emulsifiers And Stabilizers (Ins477, Ins471, Ins415), Artificial Flavouring Substance (Vanilla)."
Betty Crocker Choco Fudge Instant Cake Mix Powder,How to Use : Done
Betty Crocker Choco Fudge Instant Cake Mix Powder,Manufacturer Name : General Mills India Pvt Ltd
Betty Crocker Choco Fudge Instant Cake Mix Powder,"Manufacturer Address : General Mills India Pvt Ltd, F-11, Malegaon (MIDC), Sinnar, Nashik 422113, Maharashtra, India"
Nissin Geki - Hot & Spicy Korean Veg Flavour,Country of Origin : India
Nissin Geki - Hot & Spicy Korean Veg Flavour,Shelf Life : 10 months
Nissin Geki - Hot & Spicy Korean Veg Flavour,Manufacturer Name : Nissin
Nissin Geki - Hot & Spicy Korean Veg Flavour,"Manufacturer Address : Nissin, 3rd Floor, Centenary Building, 28, M.G. Road, Bangalore - 560001."
Jimmy's Appalam,"Description : This is a Hand Made Appalam, which is of 3.5-inch Diameter. It contains no added preservatives or artificial colours. It is Crispy and very tasty. Store in a cool dry place."
Jimmy's Appalam,Country of Origin : India
Jimmy's Appalam,Shelf Life : 91 days
Jimmy's Appalam,Manufacturer Name : G K Marketing
Jimmy's Appalam,"Manufacturer Address : G K Marketing , 4/441 , Mogappair West , Chennai 600037."
Safal Frozen Green Peas,"Description : Safal Frozen Green Peas 1 kg Green peas are a great source of nourishment that contains a high level of protein and fibre. Safal Frozen Green Peas are frozen to perfection, preserving their unique taste, freshness and nutrition. They make a great addition to curries, salads and sandwiches. Frozen peas have a longer shelf life which saves you the hassle of peeling or acquiring fresh peas when needed."
Safal Frozen Green Peas,Country of Origin : India
Safal Frozen Green Peas,Shelf Life : 12 months
Safal Frozen Green Peas,Ingredients : Peas
Safal Frozen Green Peas,Manufacturer Name : Mother Dairy Fruit & Vegetable Pvt Ltd
Safal Frozen Green Peas,"Manufacturer Address : Mother Dairy Fruit & Vegetable Pvt Ltd, Fruit And Vegetable Unit, Mangolpuri, Industrial Area, Phase 1, Delhi -110083."
"Pedigree Chicken&Vegetables Flavour,Adult Dry Dog Food",Country of Origin : India
"Pedigree Chicken&Vegetables Flavour,Adult Dry Dog Food",Shelf Life : 12 months
"Pedigree Chicken&Vegetables Flavour,Adult Dry Dog Food",Manufacturer Name : Mars INT (Pet Food)
"Nestle Cerelac Baby Cereal with Milk, 5 Grains & Fruits, Stage 5, From 18 to 24 Months, Source of Iron & Protein","Description : Nestle CERELAC Baby Cereal with Milk, 5 Grains & Fruits is a complementary food for babies from 18 to 24 months. While infants and children have higher requirements of nutrients than adults, 2 serves of CERELAC 5 Grains & Fruits Cereal provides 37% of a baby’s daily need of iron. It is also a source of 14 important nutrients including vitamins and minerals."
"Nestle Cerelac Baby Cereal with Milk, 5 Grains & Fruits, Stage 5, From 18 to 24 Months, Source of Iron & Protein",Country of Origin : India
"Nestle Cerelac Baby Cereal with Milk, 5 Grains & Fruits, Stage 5, From 18 to 24 Months, Source of Iron & Protein",Shelf Life : 13 months
"Nestle Cerelac Baby Cereal with Milk, 5 Grains & Fruits, Stage 5, From 18 to 24 Months, Source of Iron & Protein","Ingredients : Milk solids (33.3%), Resultant wheat flour (Resultant Atta) (27.3%), Oat flour (8.8%), Sugar, Wheat flour (Atta) (5.9%), Rice flour (5.5%), Apple juice concentrate (4.2%), Orange juice concentrate (3%), Soyabean oil, Corn flour (2.8%), Malted barley flour (0.8%), Maltodextrin, Starch, Blackcurrant juice concentrate (0.3%), Pomegranate juice concentrate (0.3%), Mango pulp (0.3%), Mango powder (0.2%), Minerals, Dextrose, Vitamins, Acidity regulator (Potassium hydrogen carbonate), Enzyme (Alpha amylase) and Packaging gases (Nitrogen and Carbon dioxide) Contains Milk, Wheat, Oats and Barley."
"Nestle Cerelac Baby Cereal with Milk, 5 Grains & Fruits, Stage 5, From 18 to 24 Months, Source of Iron & Protein",Manufacturer Name : Nestle India Limited
"Nestle Cerelac Baby Cereal with Milk, 5 Grains & Fruits, Stage 5, From 18 to 24 Months, Source of Iron & Protein","Manufacturer Address : Nestle India Limited, 100/101, World Trade Centre, Barakhamba Lane, New Delhi"
"Nestle Cerelac Baby Cereal with Milk, 5 Grains & Fruits, Stage 5, From 18 to 24 Months, Source of Iron & Protein","Nutritional Info : Composition per 100g
Energy - 413 kcal
Protein- 15g
Carbohydrate - 68.1g
Total Sugars- 22.5g
Total Fat- 9.4g
Cholesterol - 14mg"
Prasuma Momos Cheesy Spicy Veg,"Description : Prasuma Momos are crafted from fresh, high-quality ingredients, encased in a delicate thin wrapper. These bite-sized treats are full of flavour and easy to prepare."
Prasuma Momos Cheesy Spicy Veg,Country of Origin : India
Prasuma Momos Cheesy Spicy Veg,Shelf Life : 12 months
Prasuma Momos Cheesy Spicy Veg,FSSAI License : FSSAI No 10012064000136
Prasuma Momos Cheesy Spicy Veg,"Ingredients : Cabbage, Refined Wheat Flour, Water, Spices & Condiments, Emulsifier (Ins 450, 451), Anti-oxidant (Ins 300), Colour Fixative (Ins 250)"
Prasuma Momos Cheesy Spicy Veg,Manufacturer Name : Ample Foods Pvt. Ltd
Prasuma Momos Cheesy Spicy Veg,"Manufacturer Address : Ample Foods Pvt. Ltd, Plot No. 127, Sector 6, IMT Manesar, Gurugram, Haryana - 122002"
MAGGI 2- Minute Instant Masala Noodles,Description : MAGGI 2-Minute instant masala noodles is a favorite among people of all ages. Maggi masala instant noodles now come with the goodness of iron. Each portion (70g) of maggi masala noodles provides you with 15% of your daily iron requirement. It is just the perfect choice for those who need a quick and satisfying meal. Maggi instant noodles are made with the choicest quality spices and ingredients to provide a great taste and experience.
MAGGI 2- Minute Instant Masala Noodles,Country of Origin : India
MAGGI 2- Minute Instant Masala Noodles,Shelf Life : 9 months
MAGGI 2- Minute Instant Masala Noodles,"Ingredients : NOODLES: Refined wheat flour (Maida), Palm oil, Iodized salt, Wheat gluten, Thickeners (508 & 412), Acidity regulators (501(i) & 500(i)) & Humectant (451(i)). MASALA TASTEMAKER: Mixed spices (25.6%) (Onion powder, Coriander powder, Turmeric powder, Red chili powder, Garlic powder, Cumin powder, Aniseed powder, Ginger powder, Fenugreek powder, Black pepper powder, Clove powder, Green cardamom powder & Nutmeg powder), Refined wheat flour (Maida), Hydrolysed groundnut protein, Sugar, Palm oil, Starch, Iodized salt, Thickener (508), Flavor enhancer (635), Toasted onion flakes, Acidity regulator (330), Colour (150d), Mineral and Wheat gluten. Allergen Note: Contains Wheat & Nut. May contain Milk, Mustard, Oats and Soy."
MAGGI 2- Minute Instant Masala Noodles,Manufacturer Name : Nestle India Ltd
MAGGI 2- Minute Instant Masala Noodles,"Manufacturer Address : Nestle India Ltd, Nestle House, Jacaranda Marg M Block, DLF City Phase II, National Highway 8, Gurgaon 122 002, India."
Mother's Recipe Mixed Pickle,Description : Mothers Recipe Pickle - Lime (South Indian Style) is the flavorful mix of lime with zesty flavours. The pickles are prepared by using superiority of ingredients. It will make the pickles more flavour.
Mother's Recipe Mixed Pickle,Country of Origin : India
Mother's Recipe Mixed Pickle,Shelf Life : 18 months
Mother's Recipe Mixed Pickle,"Ingredients : Lime Pieces, Edible Common Salt, Lime Juice, Edible Vegetable Oil, Chilli Powder, Spices & Condiments, Acidity Regulator(Ins-260) & Asafoetida."
Mother's Recipe Mixed Pickle,Manufacturer Name : Desai Foods Pvt Ltd
Mother's Recipe Mixed Pickle,"Manufacturer Address : Desai Foods Pvt Ltd, 3rd Floor, Atur Chambers, 2A Moledina Road-411001, Pune, Maharashtra, India."
Mother's Recipe Mixed Pickle,Nutritional Info : Nutritional Values per 100 gEnergy (kcal) - 131Protein (g) - 1Carbohydrates (g) - 9Fat (g) - 10
"Whiskas Adult Ocean Fish, Dry Cat Food","Description : A wholesome wet and dry meal combo for your adult cat, Whiskas Adult Combo contains Whiskas dry Ocean fish, 3 kg (1 pack) & wet tuna in jelly, 85 gm (6 pouches). Whiskas Adult Cat Food is the nutrition that your cat needs for a healthy and active lifestyle. Whiskas dry cat food helps support the cat's vital system by providing it with a healthy and shiny coat, healthy eyesight, and energy to be lively and active. On the other hand, Whiskas Adult Gravy Food provides complete nutrition for your adult pet cat along with lots of moisture."
"Whiskas Adult Ocean Fish, Dry Cat Food",Country of Origin : Thailand
"Whiskas Adult Ocean Fish, Dry Cat Food",Shelf Life : 18 months
"Whiskas Adult Ocean Fish, Dry Cat Food","Ingredients : Wholegrain Cereals (Corn, Rice, Wheat), Corn Gluten Meal, Poultry & Poultry By-products, Soy Bean Products (Full-fat Soy Bean, Soy Bean Meal), Palm Stearin, Ocean Fish, Wheat Flour, Minerals, Iodised Salt, Vitamins, Taurine, Soy Oil, Methionine, Food Colouring, Preservatives, Flavour."
"Whiskas Adult Ocean Fish, Dry Cat Food",Manufacturer Name : Mars INT (Pet Food)
MTR Rava Idli Instant Mix,"Description : MTR Rava Idli instant mix is a blend of the finest ingredients like curry leaves, chilli, ginger, cashewnut etc. for a healthy and wholesome breakfast. A delicious, traditional breakfast, ready in an instant. Bring home this signature dish with an authentic South Indian taste to be relished within minutes."
MTR Rava Idli Instant Mix,Country of Origin : India
MTR Rava Idli Instant Mix,Shelf Life : 12 months
MTR Rava Idli Instant Mix,"Ingredients : Semolina (84%), Edible Vegetable Fat, Bengal Gram Dal, Cashew Nut, Salt, Curry Leaves, Raising Agent (INS 500 ii), Mustard, Green Chilli, Ginger and Anti Caking Agent (INS 551)"
MTR Rava Idli Instant Mix,Manufacturer Name : MTR Foods Pvt. Ltd
MTR Rava Idli Instant Mix,"Manufacturer Address : MTR Foods Pvt. Ltd, # 80 Bommasandra Industrial Area, Hebbagodi, Anekal Taluk Bengaluru 560099."
Borges Spaghetti Durum Wheat Pasta,"Description : Borges Spaghetti Pasta is made from superior wheat, making it a nutritious choice. You can enjoy this pasta as a snack or even as a wholesome meal."
Borges Spaghetti Durum Wheat Pasta,Shelf Life : 36 months
Borges Spaghetti Durum Wheat Pasta,Manufacturer Name : BORGES
"Nestle Cerelac Baby Cereal with Milk, Wheat - Rice Mixed Fruit, From 10 to 24 Months, Stage 3, Source of Iron & Protein","Description : Nestle CERELAC Baby Cereal with Milk, Wheat - Rice Mixed Fruit is a complementary food for babies from 10 to 24 months. While infants and children have higher requirements of nutrients than adults, 2 serves of CERELAC Wheat - Rice Mixed Fruit Cereal provides 37% of a baby’s daily need of iron. It is also a source of 14 important nutrients including vitamins and minerals."
"Nestle Cerelac Baby Cereal with Milk, Wheat - Rice Mixed Fruit, From 10 to 24 Months, Stage 3, Source of Iron & Protein",Country of Origin : India
"Nestle Cerelac Baby Cereal with Milk, Wheat - Rice Mixed Fruit, From 10 to 24 Months, Stage 3, Source of Iron & Protein",Shelf Life : 12 months
"Nestle Cerelac Baby Cereal with Milk, Wheat - Rice Mixed Fruit, From 10 to 24 Months, Stage 3, Source of Iron & Protein",FSSAI License : 10014031001025
"Nestle Cerelac Baby Cereal with Milk, Wheat - Rice Mixed Fruit, From 10 to 24 Months, Stage 3, Source of Iron & Protein","Ingredients : Wheat flour (Atta) (40.6%), Milk solids (34.4%), Rice flour (7.8%), Sugar, Apple juice concentrate (3.5%), Corn flour (3.5%), Soyabean oil, Orange juice concentrate (3%), Strawberry puree (0.9%), starch, Maltodextrin, Minerals, Malt extract, Vitamins, Enzyme (Aloha amylase) and Packaging gases (Nitrogen and Carbon dioxide)."
"Nestle Cerelac Baby Cereal with Milk, Wheat - Rice Mixed Fruit, From 10 to 24 Months, Stage 3, Source of Iron & Protein",Manufacturer Name : Nestle India Limited
"Nestle Cerelac Baby Cereal with Milk, Wheat - Rice Mixed Fruit, From 10 to 24 Months, Stage 3, Source of Iron & Protein","Manufacturer Address : Nestle India Limited, 100/101, World Trade Centre, Barakhamba Lane, New Delhi"
"Nestle Cerelac Baby Cereal with Milk, Wheat - Rice Mixed Fruit, From 10 to 24 Months, Stage 3, Source of Iron & Protein","Nutritional Info : Composition per 100g
Energy - 412 kcal
Protein- 15g
Carbohydrate - 68.1g
Total Sugars- 23.5g
Total Fat- 9.4g
Cholesterol - 14mg"
McCain Veggie Fingers,"Description : McCain Veggie Fingers - Veggie Delight with Corn, Carrot & Peas. These Veggie fingers filled with corn, carrot and peas are a perfect delight for kids and adults alike.�McCain Foods Ltd. is one of the world's largest producers of French Fries and Potato Specialities. Located in Florenceville, New Brunswick, Canada, McCain has grown to become a global leader in the frozen food industry. From Canada, across the world to Japan, from the tip of Argentina to suburbs in Australia, our tasty and convenient food products are served in restaurants and sold in retail stores; adding nutrition and flavour to family meals time after time."
McCain Veggie Fingers,Country of Origin : India
McCain Veggie Fingers,Shelf Life : 18 months
McCain Veggie Fingers,FSSAI License : 10013011001570
McCain Veggie Fingers,"Ingredients : Potato (47%), Vegetable (19%) [Carrot, Green Peas, Sweet Corns], Bread Crumb (Wheat Flour, Yeast, Edible Common Salt, Permitted Class Ii Preservatives [Ins 282], Antioxidants [Ins 300], Batter (Wheat Flour, Corn Strach, Corn Flour, Edible Common Salt, Thickener [Ins 466]), Rice Flakes, Corn Flour, Edible Common Salt, Spices And Condiments Parsley."
McCain Veggie Fingers,Manufacturer Name : McCain Foods India PVT LTD
McCain Veggie Fingers,"Manufacturer Address : McCain Foods India PVT LTD, SH - 41, P.O.Baliasan, Mehsana - 382732, Gujarat, India."
McCain Veggie Fingers,Nutritional Info : Nutritional Information Per 100 g:Energy (181.21kcal)Protein (3.06 g)Carbohydrate(26.47g)Sugar 0Fat 7.01g
Samyang Cheese Flavour Hot Chicken Noodles,Description : It is the original Korean Ramen Noodles with delicious Hot Chicken flavour. Enjoy the perfect balance of spices like sesame seeds and grilled seaweed flakes with an authentic taste. This noodle is the ideal choice for your evening snack or anytime hunger.
Samyang Cheese Flavour Hot Chicken Noodles,Country of Origin : Korea
Samyang Cheese Flavour Hot Chicken Noodles,Shelf Life : 12 months
Samyang Cheese Flavour Hot Chicken Noodles,Manufacturer Name : Samyang
Haldiram's Soan Papdi,Description : Haldiram's Soanpapdi is a sweet treat perfect for every occasion.
Haldiram's Soan Papdi,Country of Origin : India
Haldiram's Soan Papdi,Shelf Life : 120 days
Haldiram's Soan Papdi,FSSAI License : FSSAI No 10013051000541
Haldiram's Soan Papdi,"Ingredients : Sugar, Peanut Oil, Refined Palmolein Oil, Bengal Gram Flour, Wheat Flour, Cardamon, Pistachio Almond."
Haldiram's Soan Papdi,How to Use : Done
Haldiram's Soan Papdi,Manufacturer Name : Haldiram Snacks Pvt Ltd
Haldiram's Soan Papdi,"Manufacturer Address : Haldiram Snacks Pvt Ltd, 20 Km Stone, Vill. Gumthala, Bhandara Road, Nagpur - 441104 (M.S.)."
Mother's Recipe Lime Pickle,"Description : Sun-ripened plump limes merge with spices to form a tasty and peppery combination. A great supplement with any meal, it is a must-have in each Indian kitchen. Pickles add an additional feel to your lunches or dinners. In fact, in most households, meals are unfinished without this great Mother's Recipe Lime Pickle."
Mother's Recipe Lime Pickle,Country of Origin : India
Mother's Recipe Lime Pickle,Shelf Life : 18 months
Mother's Recipe Lime Pickle,FSSAI License : FSSAI No 10012022000108
Mother's Recipe Lime Pickle,"Ingredients : Lime Pieces, Water, Edible Common Salt, Cottonseed Oil, Spices And Condiments, Acidity Regulator, Asafoetida"
Mother's Recipe Lime Pickle,Manufacturer Name : Desai Foods Pvt Ltd
Mother's Recipe Lime Pickle,"Manufacturer Address : Desai Foods Pvt Ltd, 3rd Floor, Atur Chambers, 2A Moledina Road-411001, Pune, Maharashtra, India."
"Whiskas Kitten Ocean Fish Flavour, Dry Cat Food","Description : Whiskas kitten food is a complete and balanced meal designed to take care of your cats daily nutritional requirements. It provides 41 essential nutrients including quality protein, Calcium, Phosphorus and Vitamin D for healthy bone and body growth. It is suitable for mother and baby cat from 2 to 12 months."
"Whiskas Kitten Ocean Fish Flavour, Dry Cat Food",Country of Origin : Thailand
"Whiskas Kitten Ocean Fish Flavour, Dry Cat Food",Shelf Life : 18 months
"Whiskas Kitten Ocean Fish Flavour, Dry Cat Food","Ingredients : Cereal (Corn, Rice), Poultry & Poultry By-products, Oils (Palm, Soy), Soy Bean Meal, Flavours, Wheat Flour, Minerals, Corn Gluten Meal, Milk Powder, Vitamins, Iodised Salt, Methionine, Taurine, Preservatives."
"Whiskas Kitten Ocean Fish Flavour, Dry Cat Food",Manufacturer Name : Mars Thailand
"Whiskas Kitten Ocean Fish Flavour, Dry Cat Food","Manufacturer Address : Mars Thailand, Mars Petcare (Thailand) Co .Ltd . 799 MOO4, Chantuk, Pakchong, Nakhomratchasima 30130, Thailand."
Sunfeast Pasta Treat Pack of Tomato Cheese 65 gms Combo,Sunfeast Pasta Treat Pack of Tomato Cheese 65 gms Combo
"Nestle LACTOGEN Pro 1, Infant Formula Probiotic and Prebiotics","Description : Nestlé LACTOGEN Pro 1 Baby Milk Powder is a spray-dried infant formula designed for infants from birth to 6 months. It contains probiotic L. reuteri alongside prebiotic fibres (GOS & FOS). It also has whey protein, known for its easy digestibility. With a legacy spanning over 155 years, Nestlé brings its expertise in infant nutrition, backed by science and research. STORAGE CONDITIONS: Transfer the contents from the baby milk powder box along with the pouch in an airtight container. Store in a cool, dry and hygienic place. Important Notice: Mother's milk is best for your baby."
"Nestle LACTOGEN Pro 1, Infant Formula Probiotic and Prebiotics",Country of Origin : India
"Nestle LACTOGEN Pro 1, Infant Formula Probiotic and Prebiotics",Shelf Life : 12 months
"Nestle LACTOGEN Pro 1, Infant Formula Probiotic and Prebiotics","Ingredients : Milk solids, Demineralised whey (21.1%),Galacto-oligosaccharide, Soyabean oil, Minerals, Low erucic rapeseed oil, Coconut oil, High oleic sunflower oil, Sunflower oil, Emulsifier (soya lecithin), Fructo-oligosaccharide, Vitamins, Probiotic (Limosilactobacillus reuteri (DSM 17938^^), Taurine, Acidity regulator (Potassium hydroxide), L-Carnitine, Choline bitartrate and Packaging gases (Carbon dioxide and Nitrogen).
INGREDIENTS AFTER RECONSTITUTION- Water, Milk solids, Demineralised whey, Galacto-oligosaccharide, Soyabean oil, Minerals, Low erucic rapeseed oil, Coconut oil, High oleic sunflower oil, Sunflower oil, Emulsifier (Soya lecithin), Fructo-oligosaccharide, Vitamins, Probiotic (Limosilactobacillus reuteri (DSM 17938)), Taurine, Acidity regulator (Potassium hydroxide), L-Carnitine, Choline bitartrate and Packaging gases (Carbon dioxide and Nitrogen).Contains: Milk, Soy.^^Under license from BioGaia AB"
"Nestle LACTOGEN Pro 1, Infant Formula Probiotic and Prebiotics",Manufacturer Name : Nestle India Limited
"Nestle LACTOGEN Pro 1, Infant Formula Probiotic and Prebiotics","Manufacturer Address : Nestle India Limited, 100/101, World Trade Centre, Barakhamba Lane, New Delhi"
Venky's Chicken Sausages,"Description : Completely continental food and mostly used as a snack, the finished result is delicious and crispy in texture.Its properly packed and frozen to ensure that it retains its taste and holds the crisp once fried."
Venky's Chicken Sausages,Country of Origin : India
Venky's Chicken Sausages,Shelf Life : 9 months
Venky's Chicken Sausages,"Ingredients : Chicken Meat(58%),Water Isolated Soy Proten,Onion,Maida,Rawa,Iodized Salt,Garlic,Ginger,Chilli,Condiments"
Venky's Chicken Sausages,Manufacturer Name : VENKATESHWARA HATCHERIES PVT LTD
Venky's Chicken Sausages,"Manufacturer Address : VENKATESHWARA HATCHERIES PVT LTD, (FOOD DIVISION), s.No.61/6A, THAREDAHALI, KRISHNAPURA VILLAGE, ITAGI(POST), RANEBENNUR TALUK, HAVERI(dt), KARNATAKA - 581142, INDIACountry of origin"
Venky's Chicken Sausages,Nutritional Info : Per 100 gmsEnergy - 148.2 KcalTotal Fat - 12.4 gTotal Carbohydrates - 8.9 Sugar - 0.0 gFat - 7.0 Trans fat - 0.0 Saturated fat - 2.1 g
McCain Veggie Fingers & Chilli Garlic Potato Nuggets Combo,McCain Veggie Fingers & Chilli Garlic Potato Nuggets Combo
Samyang 2xSpicy Hot Chicken Ramen,Country of Origin : India
Samyang 2xSpicy Hot Chicken Ramen,Shelf Life : 12 months
Samyang 2xSpicy Hot Chicken Ramen,Manufacturer Name : Samyang
Amul Frozen Rasmalai,Description : Amul Frozen Rasmalai is made from fresh Amul milk. It is most widely and round the year available frozen sweet in India. It is hygienic & convenient packaging compared to local sweets shop and has longer shelf life (1 year).
Amul Frozen Rasmalai,Country of Origin : India
Amul Frozen Rasmalai,Shelf Life : 12 months
Amul Frozen Rasmalai,Manufacturer Name : Gujarat Co-Operative Milk Marketing Federation
Amul Frozen Rasmalai,"Manufacturer Address : Gujarat Co-Operative Milk Marketing Federation, Po Box 10, Amul Dairy Road, Anand 388 001, Gujarat, India."
Mother's Recipe Mango Pickle,"Description : Mother's Recipe Mango Pickle is a spicy and delicious side to enjoy with mundane meals. This delightful accompaniment is prepared using the right mix of mango, spices and vegetables. You can enjoy this flavourful pickle with all kinds of dishes. It can also be had with snacks and fries."
Mother's Recipe Mango Pickle,Country of Origin : India
Mother's Recipe Mango Pickle,Shelf Life : 18 months
Mother's Recipe Mango Pickle,FSSAI License : FSSAI No 10012022000108
Mother's Recipe Mango Pickle,"Ingredients : Mango Pieces, Edible Common Salt, Edible Vegetable Oil, Spices & Condiments, Chilli Powder, Acidity Regulator, Asafoetida."
Mother's Recipe Mango Pickle,Manufacturer Name : Desai Foods Pvt Ltd
Mother's Recipe Mango Pickle,"Manufacturer Address : Desai Foods Pvt Ltd, 3rd Floor, Atur Chambers, 2A Moledina Road-411001, Pune, Maharashtra, India."
McCain French Fries Crisp & Delicious,"Description : McCain French Fries are crispy on the outside, fluffy in the centre and delicious through and through."
McCain French Fries Crisp & Delicious,Country of Origin : India
McCain French Fries Crisp & Delicious,Shelf Life : 18 months
McCain French Fries Crisp & Delicious,"Ingredients : Potato, Palmolien Oil"
McCain French Fries Crisp & Delicious,Manufacturer Name : McCain Foods India PVT LTD
McCain French Fries Crisp & Delicious,"Manufacturer Address : McCain Foods India PVT LTD, SH - 41, P.O.Baliasan, Mehsana - 382732, Gujarat."
McCain French Fries Crisp & Delicious,Nutritional Info : Nutritional Information Per 100 g:Energy - 144.72kcal Protein - 3.59 g Carbohydrate - 22.15g Sugar <0.4 Fat 4.64g
Nestle Nan Pro Stage 3 Follow-up Formula Powder,"Description : Nestle NAN PRO 3 is a spray dried Follow-Up formula with DHA ARA for older infants after 12 months when they are not breastfed. NAN PRO 3 contains DHA that supports babys normal brain development. It also contains Calcium, Vitamins A, C, D, Iron and Zinc. Nestle develops infant nutrition products backed by evolving science and research. Innovation has been at the heart of Nestle since its beginning. Nestle agrees with the World Health Organization and other medical and health associations that breast milk is the best and the most natural food for babies. Optimal Preparation: Careful and hygienic preparation of infant food is most essential for health. Do not use fewer scoops than directed, since diluted feeding will not provide adequate nutrients needed by your infant. Do not use more scoops than directed since concentrated feed will not provide the water needed by your infant."
Nestle Nan Pro Stage 3 Follow-up Formula Powder,Country of Origin : India
Nestle Nan Pro Stage 3 Follow-up Formula Powder,Shelf Life : 12 months
Nestle Nan Pro Stage 3 Follow-up Formula Powder,FSSAI License : 10012011000168
Nestle Nan Pro Stage 3 Follow-up Formula Powder,"Ingredients : Milk solids, Maltodextrin, Soyabean oil, Low erucic rapeseed oil, High oleic sunflower oil, Coconut oil, Sunflower oil, Minerals, Emulsifier (Soya lecithin), Arachidonic acid (ARA) from Mortierella alpina oil,Docosahexaenoic acid (DHA) from Schizochytrium sp. oil, Vitamins, Acidity regulator (Citric acid) and Packaging gases (Carbon dioxide and Nitrogen).INGREDIENTS AFTER RECONSTITUTION: Water, Milk solids, Maltodextrin, Soyabean oil, Low erucic rapeseed oil, High oleic sunflower oil, Coconut oil, Sunflower oil, Minerals, Emulsifier (Soya lecithin), Arachidonic acid (ARA) from Mortierella alpina oil, Docosahexaenoic acid (DHA) from Schizochytrium sp. oil, Vitamins, Acidity regulator (Citric acid) and Packaging gases (Carbon dioxide and Nitrogen). Contains: Milk, Soy."
Nestle Nan Pro Stage 3 Follow-up Formula Powder,Manufacturer Name : Nestle India Limited
Nestle Nan Pro Stage 3 Follow-up Formula Powder,"Manufacturer Address : Nestle India Limited, 100/101, World Trade Centre, Barakhamba Lane, New Delhi"
Top Ramen Masala Instant Noodles,"Description : With a tangy masala twist, Top Ramen Masala Noodles are perfect for those evening cravings. Made from good quality ingredients, these noodles are not only healthy but are great in taste which makes them a favourite amongst kids."
Top Ramen Masala Instant Noodles,Country of Origin : India
Top Ramen Masala Instant Noodles,Shelf Life : 10 months
Top Ramen Masala Instant Noodles,"Ingredients : Wheat Flour , Edible Vegetable Oil (Palm) , Iodised Salt , Acidity Regulators (INS 451 (i) , INS 500 (i),Spice Mix 0.17% |Turmeric , Coriander , Cumin & Red Chilli , Antioxidant (INS 319) & Thickener (INS 412) , Seasoning Mix (9%) :Sugar , Spice Mix 17.51%(Corainder , Turmeric , Cumin , Red chilli , Ginger , Fenugreek , Black pepper , Clove , Cinnamon , Green Cardamom , Nutmeg & Star Anisel, iodised salt , hyrdrolysed vegetable protein (Soya) , onion powder , Noodle powder (Wheat Flour , Edible vegetable Oil (palm) , Iodised Salt , Hydrolysed Vegetable protein (Soya), Onion Powder , Noodle Powder (Wheat Flour , edible Vegetable Oil(palm) , Iodised salt , Acidity regulator (INS 451 (i), INS 500 (i), Spice Mix 0.17% (Turmeric , Corriander Cummin & Red Chilli , Antioxidant (INS 319), Thickener (INS 412), Corn starch , Garlic powder , Flavours enhancers (INS 631 , INS 627 Yeast Extract) , Acidity Regulator ( INS 330) & Colours (INS 100 (i)"
Top Ramen Masala Instant Noodles,Manufacturer Name : Indo Nissin Foods Pvt Ltd
ITC Farmland Frozen Green Peas,Description : Frozen Green Peas with No added colours or preservatives; Individually Quick Frozen (Individual Quick Frozen) and Trusted by ITC's own Chefs.These frozen peas are perfect for any quick meal.
ITC Farmland Frozen Green Peas,Country of Origin : India
ITC Farmland Frozen Green Peas,Shelf Life : 12 months
ITC Farmland Frozen Green Peas,FSSAI License : 1.0012E+13
ITC Farmland Frozen Green Peas,Ingredients : Green Peas
ITC Farmland Frozen Green Peas,Manufacturer Name : ITC Limited
ITC Farmland Frozen Green Peas,"Manufacturer Address : ITC Limited, 37, J.L. Nehru Road, Kolkata- 700071."
ITC Farmland Frozen Green Peas,Nutritional Info : Nutritional Information Per 100 g:Energy (61kcal)Protein (4.4g)Carbohydrate(8.7g)Sugar 1.8gFat 0.9g
Mother's Recipe Pickle - Mango,"Description : Mothers Recipe Mango Pickle is a real Indian pickle finished from mango and sweet-smelling spices to include that additional zing to your meal. It is completed with diced mangoes preserved in garlic, oil, turmeric and chili powder."
Mother's Recipe Pickle - Mango,Country of Origin : India
Mother's Recipe Pickle - Mango,Shelf Life : 12 months
Mother's Recipe Pickle - Mango,"Ingredients : Mango Pieces, Brine (Edible common salt, acidity regulator (260)), Edible vegetable oil, pieces & Condiments and Asafotida."
Mother's Recipe Pickle - Mango,Manufacturer Name : Desai Foods Pvt Ltd
Mother's Recipe Pickle - Mango,"Manufacturer Address : Desai Foods Pvt Ltd, 3rd Floor, Atur Chambers, 2A Moledina Road-411001, Pune, Maharashtra, India."
"Pedigree Meat And Rice Flavour, Adult Dry Dog Food",Country of Origin : India
"Pedigree Meat And Rice Flavour, Adult Dry Dog Food",Shelf Life : 12 months
"Pedigree Meat And Rice Flavour, Adult Dry Dog Food",Manufacturer Name : Mars INT (Pet Food)
MTR Ready To Eat Gulab Jamun Tin,Country of Origin : India
MTR Ready To Eat Gulab Jamun Tin,Shelf Life : 12 months
MTR Ready To Eat Gulab Jamun Tin,Manufacturer Name : MTR Foods Pvt. Ltd
MTR Ready To Eat Gulab Jamun Tin,"Manufacturer Address : MTR Foods Pvt. Ltd, # 80 Bommasandra Industrial Area, Hebbagodi, Anekal Taluk Bengaluru 560099."
Chef's Basket - Durum Wheat Penne Pasta Pouch,"Description : Chef’s Basket Penne Pasta is made with 100% premium quality durum wheat semolina which is rich in protein & fibre. It delivers an authentic Italian gourmet experience along with health benefits. It is carefully made to deliver exceptional quality. The combination of scrumptious taste & high nutrition makes this whole wheat pasta a healthy pick for breakfast, quick snack, dinner etc."
Chef's Basket - Durum Wheat Penne Pasta Pouch,Country of Origin : India
Chef's Basket - Durum Wheat Penne Pasta Pouch,Shelf Life : 17 months
Chef's Basket - Durum Wheat Penne Pasta Pouch,Manufacturer Name : Weikfield Estate
Nestle Nan Pro Follow-Up Formula Stage 1,"Description : Nestle NAN PRO 1 is a spray dried infant formula with Whey Protein, DHA, ARA and Probiotic for infants from birth when they are not breastfed. Contains L. reuteri. L. reuteri is a probiotic. Contains Whey Protein. Proteins are primary structural and functional components of every living cell. Whey Protein is a component of milk protein, which is easy to digest."
Nestle Nan Pro Follow-Up Formula Stage 1,Country of Origin : India
Nestle Nan Pro Follow-Up Formula Stage 1,Shelf Life : 13 months
Nestle Nan Pro Follow-Up Formula Stage 1,FSSAI License : 10012011000168
Nestle Nan Pro Follow-Up Formula Stage 1,"Ingredients : Milk solids, Demineralised whey (24.1%), Soyabean oil, Minerals, Low erucic rapeseed oil, High oleic sunflower oil, Coconut oil, Sunflower oil, Emulsifier Soya lecithin), Arachidonic acid (ARA) from Mortierella alpina oil, Docosahexaenoic acid (DHA) from Schizochyitrium sp. oil, Vitamins, Probiotic (Limosilactobacillus reuteri (DSM 17938)), Taurine, Acidity regulators (Citric acid and Potassium hydroxide), Nucleotides, L-Carnitine, Choline bitartrate and Packaging gases (Carbon dioxide and Nitrogen). CONTAINS: Milk, Soy."
Nestle Nan Pro Follow-Up Formula Stage 1,Manufacturer Name : Nestle India Limited
Nestle Nan Pro Follow-Up Formula Stage 1,"Manufacturer Address : Nestle India Limited, 100/101, World Trade Centre, Barakhamba Lane, New Delhi"
Godrej Yummiez Chicken Nuggets,"Description : Yummiez Chicken nuggets are lightly breaded and fully fried. Our tender, juicy, Chicken Nuggets are made with fresh meat. Chicken Nuggets are made from easy ingredients and are free of chemical preservatives and fillers."
Godrej Yummiez Chicken Nuggets,Country of Origin : India
Godrej Yummiez Chicken Nuggets,Shelf Life : 12 months
Godrej Yummiez Chicken Nuggets,FSSAI License : 10012043000037
Godrej Yummiez Chicken Nuggets,"Ingredients : Chicken Meat (52%), Water, Breadcrumbs (Wheat Flour, Yeast, Salt, Permitted Bread Improvers, Preservative (Ins 282) And Acidity Regulator (Ins260)), Edible Vegetable Oil (Rbd Palmolein), Batter (Wheat Flour, Corn Flour, Corn Starch, Salt And Emulsifier (Ins 466)), Soy, Isolated Soy Protein, Iodized Salt, Spices & Condiments And Texturizer (Ins 4510). Contains Permitted Class Ii Preservative. Allergy Advice: Contains Soy Protein And Gluten."
Godrej Yummiez Chicken Nuggets,Manufacturer Name : Godrej Tyson Foods Ltd
Godrej Yummiez Chicken Nuggets,"Manufacturer Address : Godrej Tyson Foods Ltd, No. 77/1, 83/2, 84/1, Jangamanekote Road, Doddahullur Village, Hoskote Taluk, Bangalore Rural Distict, -562114."
Samyang Hot Chicken Ramen Carbonara,Description : It is the original Korean Ramen Noodles with delicious Hot Chicken flavour. Enjoy the perfect balance of spices like sesame seeds and grilled seaweed flakes with an authentic taste. This noodle is the ideal choice for your evening snack or anytime hunger.
Samyang Hot Chicken Ramen Carbonara,Country of Origin : Korea
Samyang Hot Chicken Ramen Carbonara,Shelf Life : 12 months
Samyang Hot Chicken Ramen Carbonara,Manufacturer Name : Samyang
Heritage Sweets Doodh Peda,Description : Heritage Doodhpeda is made from pure and fresh milk with the right amount of sucrose addition. It is rich in taste and granular with better chewiness. It is a delicious treat for the family. It is one of the popular Indian sweets which is usually made on special occasions and festivals. A soft milky sweet that has a smooth texture and just melts in your mouth.
Heritage Sweets Doodh Peda,Country of Origin : India
Heritage Sweets Doodh Peda,Shelf Life : 30 days
Heritage Sweets Doodh Peda,FSSAI License : 10014047000258
Heritage Sweets Doodh Peda,Ingredients : Milk Solids And Sugar And Contains Preservatives (INS202&211)
Heritage Sweets Doodh Peda,Manufacturer Name : Heritage Foods Limited
Heritage Sweets Doodh Peda,"Manufacturer Address : Heritage Foods Ltd, 6-3-541/C, Panjagutta, Hyderabad-82"
Heritage Sweets Doodh Peda,Nutritional Info : Per 100 g:-Total energy 400 kcalProteins 12.2 gCarbohydrates 46.1 gAs added sugar (Sucrose ) 30 gFat 18.0 gCalcium 171 mg
Nestle Milkmaid Tin,"Description : MILKMAID is rich and creamy, sweetened condensed milk - the dessert partner that helps you make a range of mouth-watering sweets at home - be it payasam, ice creams, cakes and much more. Made with high-quality milk, your favourite MILKMAID has been delighting generations for over 100 years!"
Nestle Milkmaid Tin,Country of Origin : India
Nestle Milkmaid Tin,Shelf Life : 8 months
Nestle Milkmaid Tin,Ingredients : Milk Solids And Sugar
Nestle Milkmaid Tin,Manufacturer Name : Nestle India Limited
Nestle Milkmaid Tin,"Manufacturer Address : Nestle India Limited, 100/101, World Trade Centre, Barakhamba Lane, New Delhi"
Chings Secret Schezwan Chutney,Description : Ching's Schezwan Chutney is the most versatile chutney ever! You can use it as a dip or a spread and even cook with it.
Chings Secret Schezwan Chutney,Country of Origin : India
Chings Secret Schezwan Chutney,Shelf Life : 19 months
Chings Secret Schezwan Chutney,FSSAI License : FSSAI No 10013022001865
Chings Secret Schezwan Chutney,"Ingredients : Water, Dried Glucose Syrup, Ginger, Sunflower oil, Salt, Chilli, Sugar, Garlic, Onion, Corn Starch, Disodium 5'-Ribonucleotides (Flavour Enhancer, E635), Acetylated Distarch Adipate (Thickener, E1422), Acetic Acid(Acitifying Agent, E260), Spices (White Pepper, Schezwan Pepper), Sodium Benzoate(Preservative, E211), Celery, Soy Sauce Powder (Soybean, Wheat, Salt). Contain Added Flavours(Natural Flavouring Substances) Contains Permitted Class II Preservative."
Chings Secret Schezwan Chutney,Manufacturer Name : Capital Foods Pvt. Ltd.
Chings Secret Schezwan Chutney,"Manufacturer Address : VILLA CAPITAL, Sadhana Compound, Oshiwara Bridge,
S.V Road, Jogeshwari (West),
Mumbai- 400 102. India"
"Whiskas Kitten Ocean Fish Flavour, Dry Cat Food","Description : Whiskas kitten food is a complete and balanced meal designed to take care of your cats daily nutritional requirements. It provides 41 essential nutrients including quality protein, Calcium, Phosphorus and Vitamin D for healthy bone and body growth. It is suitable for mother and baby cat from 2 to 12 months."
"Whiskas Kitten Ocean Fish Flavour, Dry Cat Food",Country of Origin : Thailand
"Whiskas Kitten Ocean Fish Flavour, Dry Cat Food",Shelf Life : 18 months
"Whiskas Kitten Ocean Fish Flavour, Dry Cat Food",Manufacturer Name : Mars INT (Pet Food)
Venky's Chicken Nuggets,"Description : Healthy appetizing snack
Made up of fresh and healthy Chicken
Can be stuffed in a burger, bread, etc.
Relish the authentic taste of Restaurant like Chicken and Cheese Nuggets at home
Pairs well with dipping sauce"
Venky's Chicken Nuggets,Country of Origin : India
Venky's Chicken Nuggets,Shelf Life : 9 months
Samyang Hot Chicken Ramen,Description : Samyang 3X Spicy Hot Chicken Flavour Ramen is ramen with a spicy twist. It is must-have ramen for all spice lovers. It is non-vegetarian Korean ramen. It is a chicken that is paired with a very spicy sauce. It is a perfect mix of little salty and spicy. These flavours meld together to create a unique taste. It has a very earthy taste with and spicy notes. It is an amasing meal or a snack. It will surely relish the taste buds with the flavour and aroma of the noodles.
Samyang Hot Chicken Ramen,Country of Origin : India
Samyang Hot Chicken Ramen,Shelf Life : 12 months
Samyang Hot Chicken Ramen,Manufacturer Name : SAMYANG FOODS CO
Samyang Hot Chicken Ramen,"Manufacturer Address : SAMYANG FOODS CO, 104, OPASEAN - RO-3-GIL, SEONGBUK-GU, SEOUL, KOREA."
Heritage Sweets Doodh Peda 200 gms Combo,Heritage Sweets Doodh Peda 200 gms Combo
McCain French Fries,Description : McCain French - Fries 1.25 kg
McCain French Fries,Country of Origin : India
McCain French Fries,Shelf Life : 18 months
McCain French Fries,FSSAI License : 10013011001570
McCain French Fries,"Ingredients : Potatoes (92%), Edible Vegetable Oil (Palmolein)."
McCain French Fries,Manufacturer Name : McCain Foods India PVT LTD
McCain French Fries,"Manufacturer Address : McCain Foods India PVT LTD, SH - 41, P.O.Baliasan, Mehsana - 382732, Gujarat, India."
Wellfry Sabudana Papad (Upwas Papad/ Fast Papad/ Sendha Namak),Country of Origin : India
Wellfry Sabudana Papad (Upwas Papad/ Fast Papad/ Sendha Namak),Shelf Life : 12 months
Wellfry Sabudana Papad (Upwas Papad/ Fast Papad/ Sendha Namak),Manufacturer Name : Kimmi Foods Products
Paneer Masala Sandwich,"Description : Satisfy your cravings with our Paneer Masala Sandwich – a delectable creation featuring spiced paneer and stuffed masala, layered between soft bread that seves as a lip-smacking snack. 

Energy:417.98 kcal

All Nutritional information is indicative, Values are per serve as shared by the restaurant and may vary depending on the ingredient and portion size.

An average active adult requires 2,000 kcal energy per day, however, calorie needs may vary."
